,x,V
0,"[0.07222472609309871, 0.6179807204125954]",0.6902054465056942
1,"[0.9095644588322195, 0.9189008482469257]",1.8284653070791452
2,"[0.9947954862569266, 0.1441418294894461]",1.1389373157463727
3,"[0.06672190282548396, 0.7892003833725724]",0.8559222861980563
4,"[0.39988583037624836, 0.6553555847460503]",1.0552414151222986
5,"[0.10074365493007342, 0.5333132993391647]",0.6340569542692381
6,"[0.32807127648691936, 0.7594324941579137]",1.0875037706448332
7,"[0.47146863146940643, 0.2098951934953336]",0.68136382496474
8,"[0.15587474237042342, 0.6464341417529489]",0.8023088841233723
9,"[0.934954845823635, 0.23460060146875283]",1.169555447292388
10,"[0.9319487565446499, 0.19637346645275167]",1.1283222229974017
11,"[0.9702671743985998, 0.23853080646693114]",1.208797980865531
12,"[0.6766588295251913, 0.7392950806303977]",1.4159539101555891
13,"[0.09131221609694362, 0.4542498671566205]",0.5455620832535641
14,"[0.5821844376742557, 0.8732383095258106]",1.4554227472000663
15,"[0.4478036980478266, 0.41913519353994966]",0.8669388915877763
16,"[0.8201742595196333, 0.46816745001394366]",1.288341709533577
17,"[0.5702756024927518, 0.521274799946535]",1.0915504024392868
18,"[0.1615658196695262, 0.6347082000894003]",0.7962740197589265
19,"[0.638125789880248, 0.9912083615012259]",1.629334151381474
20,"[0.8804144705148593, 0.29242021647855854]",1.1728346869934179
21,"[0.21427762433270614, 0.20136959636293306]",0.4156472206956392
22,"[0.43302648461416693, 0.950246365490362]",1.3832728501045288
23,"[0.8594987630935136, 0.4449100407590746]",1.304408803852588
24,"[0.045680143495521075, 0.367003595931346]",0.4126837394268671
25,"[0.9604305024482305, 0.9443422899283417]",1.9047727923765723
26,"[0.21736902690542148, 0.06219745751023065]",0.27956648441565213
27,"[0.08343964441488672, 0.1749407511286254]",0.2583803955435121
28,"[0.2624439021250652, 0.2405635165119806]",0.5030074186370458
29,"[0.985576543060569, 0.12266165297249743]",1.1082381960330663
30,"[0.2890950724038551, 0.4339616457037456]",0.7230567181076007
31,"[0.7009913535224114, 0.5503524065675528]",1.2513437600899642
32,"[0.8715890347454723, 0.3101075958420637]",1.181696630587536
33,"[0.22510460148421707, 0.2752601249324389]",0.500364726416656
34,"[0.5517432099847082, 0.27020029690632574]",0.8219435068910339
35,"[0.8518103325925896, 0.9711780706129991]",1.8229884032055887
36,"[0.5847764409665877, 0.7188986477041862]",1.303675088670774
37,"[0.09075051436645076, 0.7439487993728262]",0.834699313739277
38,"[0.8173061607512471, 0.32506083189639856]",1.1423669926476456
39,"[0.3945157177510361, 0.7673793193661429]",1.161895037117179
40,"[0.7100504757017315, 0.2350661727423342]",0.9451166484440657
41,"[0.6068176806123934, 0.3370612134231391]",0.9438788940355325
42,"[0.2733420976120603, 0.7939082532762561]",1.0672503508883164
43,"[0.5850695383451514, 0.8620154708093599]",1.4470850091545113
44,"[0.025757735535482218, 0.10138598550433675]",0.12714372103981897
45,"[0.660197277236811, 0.8023414022223004]",1.4625386794591115
46,"[0.6243354069068674, 0.05094212878786719]",0.6752775356947346
47,"[0.4698573064076489, 0.014686027775144717]",0.4845433341827936
48,"[0.07668505522483027, 0.290095812255841]",0.3667808674806713
49,"[0.7757493424717659, 0.05620143040271541]",0.8319507728744813
50,"[0.8808832883432608, 0.950882851372885]",1.8317661397161458
51,"[0.8699669056241416, 0.6694037293291153]",1.539370634953257
52,"[0.8464249194787988, 0.08198661545444597]",0.9284115349332448
53,"[0.20063600162488382, 0.3193753445843046]",0.5200113462091884
54,"[0.300139953754209, 0.3728090802415339]",0.6729490339957429
55,"[0.7911009609082369, 0.813994228228948]",1.605095189137185
56,"[0.8667833854121363, 0.14675957139040652]",1.0135429568025427
57,"[0.8576821456452812, 0.6800435723646698]",1.537725718009951
58,"[0.8906245501847303, 0.08141082523978449]",0.9720353754245148
59,"[0.7767284116824812, 0.9945540674251461]",1.7712824791076272
60,"[0.878579252236373, 0.2833426023988005]",1.1619218546351735
61,"[0.265032995859803, 0.9261206282252976]",1.1911536240851006
62,"[0.7810533592217274, 0.8869030035025132]",1.6679563627242406
63,"[0.941346396776295, 0.9353884855198972]",1.876734882296192
64,"[0.8446687934575922, 0.8506168804424]",1.6952856738999922
65,"[0.9024867796232436, 0.6014298525287757]",1.5039166321520194
66,"[0.6982907239094923, 0.4286333155693187]",1.1269240394788111
67,"[0.9402446292727848, 0.690270159367612]",1.6305147886403968
68,"[0.0781722837004113, 0.7697804666266502]",0.8479527503270615
69,"[0.07123012690634378, 0.19524657733389728]",0.26647670424024106
70,"[0.5683707439115536, 0.9582716947872715]",1.526642438698825
71,"[0.6000422125351702, 0.44317156960685167]",1.043213782142022
72,"[0.5453132036371892, 0.4862839811101317]",1.0315971847473209
73,"[0.004631149148460634, 0.5444171629170331]",0.5490483120654938
74,"[0.16614265834122888, 0.3710093041139917]",0.5371519624552206
75,"[0.726275475527904, 0.47693842771976547]",1.2032139032476694
76,"[0.6923227169495126, 0.18100136153429836]",0.873324078483811
77,"[0.08044680724255171, 0.6145485462379503]",0.694995353480502
78,"[0.7196344704536037, 0.9824810883852929]",1.7021155588388965
79,"[0.4278069827368838, 0.3916029842052332]",0.819409966942117
80,"[0.985035300587862, 0.9524478996840707]",1.9374832002719327
81,"[0.7642430866878157, 0.4674905423153174]",1.231733629003133
82,"[0.9726721992472859, 0.14909254804939354]",1.1217647472966794
83,"[0.5057931519972163, 0.3031875143472125]",0.8089806663444288
84,"[0.18686711715144988, 0.3434489973781384]",0.5303161145295883
85,"[0.22352708488720996, 0.9587931320459661]",1.1823202169331761
86,"[0.20608662264262834, 0.5371679414435008]",0.7432545640861291
87,"[0.8793880189329345, 0.3049588074188053]",1.1843468263517398
88,"[0.5973833613126367, 0.7677148565229013]",1.365098217835538
89,"[0.348779723757516, 0.19709304735554722]",0.5458727711130632
90,"[0.32392950533924414, 0.22261856071526553]",0.5465480660545097
91,"[0.4898725014173101, 0.2735879832526731]",0.7634604846699832
92,"[0.0031957983816714997, 0.712666465913522]",0.7158622642951935
93,"[0.46003812899785945, 0.867570590224147]",1.3276087192220065
94,"[0.3951249871732122, 0.9676505512768275]",1.3627755384500397
95,"[0.5604057515023838, 0.7831773610392038]",1.3435831125415876
96,"[0.13541211576201018, 0.7966910817993502]",0.9321031975613604
97,"[0.9784998310004231, 0.6169379151882902]",1.5954377461887135
98,"[0.938391142419962, 0.8194032762996596]",1.7577944187196217
99,"[0.3804433074448571, 0.4269964567586061]",0.8074397642034632
100,"[0.15484770236422696, 0.055944404210976684]",0.21079210657520364
101,"[0.9038230558585031, 0.7605495595403684]",1.6643726153988716
102,"[0.3186577266273317, 0.4198468786637838]",0.7385046052911155
103,"[0.6961446144538067, 0.3346532825758707]",1.0307978970296774
104,"[0.6838380951904917, 0.46358244196278253]",1.1474205371532742
105,"[0.5845485597552542, 0.5884776887434705]",1.1730262484987248
106,"[0.2168677598857034, 0.1337756299502667]",0.3506433898359701
107,"[0.41245878840506767, 0.004470270637238927]",0.4169290590423066
108,"[0.24363003840766484, 0.6193602216364246]",0.8629902600440894
109,"[0.34524093312443904, 0.4887314891252541]",0.8339724222496931
110,"[0.24271690683827984, 0.9391358102410772]",1.181852717079357
111,"[0.560405923380589, 0.5862580582721305]",1.1466639816527195
112,"[0.4507434973982557, 0.20061031857850364]",0.6513538159767593
113,"[0.6537682761098065, 0.6673826189812917]",1.3211508950910982
114,"[0.5808196390871646, 0.3278016009325875]",0.9086212400197521
115,"[0.4958054931368381, 0.1866629066806561]",0.6824683998174942
116,"[0.010374075319593001, 0.3141768748833371]",0.3245509502029301
117,"[0.21192757362961256, 0.12865696222631684]",0.3405845358559294
118,"[0.18497093167038292, 0.21067487289623266]",0.3956458045666156
119,"[0.2039854098613828, 0.19743894352701286]",0.40142435338839566
120,"[0.7694200353762496, 0.5117229036773452]",1.2811429390535949
121,"[0.5625712340946994, 0.109805102203825]",0.6723763362985244
122,"[0.84509646820877, 0.3564963646924666]",1.2015928329012366
123,"[0.18631491059199, 0.9979857799302402]",1.1843006905222302
124,"[0.8395542508133341, 0.03813127854208176]",0.8776855293554159
125,"[0.8942849888707618, 0.6254068091822016]",1.5196917980529634
126,"[0.5624226568285896, 0.5396752180828696]",1.1020978749114592
127,"[0.04561264667569387, 0.5588781610044173]",0.6044908076801112
128,"[0.31719071180470404, 0.3786250556195103]",0.6958157674242144
129,"[0.02859790728356404, 0.8768063657932845]",0.9054042730768486
130,"[0.4968119485893797, 0.39995780825307603]",0.8967697568424557
131,"[0.7155199943779886, 0.08919104076889806]",0.8047110351468867
132,"[0.9585750636234817, 0.8609048672147339]",1.8194799308382157
133,"[0.09282297095215608, 0.6344203405404703]",0.7272433114926263
134,"[0.38541877983256434, 0.3070728971159393]",0.6924916769485037
135,"[0.09565807725561715, 0.2442379542761458]",0.33989603153176295
136,"[0.8138426988981847, 0.058764118275156596]",0.8726068171733413
137,"[0.0730749913047174, 0.922933477812067]",0.9960084691167844
138,"[0.726316601480978, 0.01004475781294123]",0.7363613592939192
139,"[0.2005807601831887, 0.40434516564147216]",0.6049259258246609
140,"[0.9237969831422037, 0.9807024744283126]",1.9044994575705163
141,"[0.14661363845284414, 0.18872788467225776]",0.3353415231251019
142,"[0.9881905646775749, 0.6678890652048142]",1.656079629882389
143,"[0.6712587786332479, 0.8647067807562067]",1.5359655593894546
144,"[0.8167277845700451, 0.10726943361251662]",0.9239972181825618
145,"[0.08999496475025948, 0.561521201047094]",0.6515161657973535
146,"[0.46375915158425485, 0.7250309047997398]",1.1887900563839946
147,"[0.9138762629552815, 0.8383275845145612]",1.7522038474698427
148,"[0.2688458587859103, 0.10259006131187354]",0.3714359200977838
149,"[0.9590513968517432, 0.7033014891540502]",1.6623528860057935
150,"[0.6787664101820831, 0.7339683856217915]",1.4127347958038745
151,"[0.6218928717166355, 0.5895691422742347]",1.2114620139908703
152,"[0.6446297390271772, 0.4429676184514886]",1.087597357478666
153,"[0.9215013449158859, 0.6558023669711461]",1.5773037118870321
154,"[0.2828787649461336, 0.4960292782248854]",0.778908043171019
155,"[0.17845715077278923, 0.8452331663812092]",1.0236903171539984
156,"[0.17074089288870653, 0.21995634343362847]",0.390697236322335
157,"[0.42426347611595094, 0.48074722904244993]",0.9050107051584009
158,"[0.7407198274062121, 0.9395684684945589]",1.680288295900771
159,"[0.9465458279970549, 0.5575027232475104]",1.5040485512445652
160,"[0.5019282307251957, 0.20306508188377936]",0.704993312608975
161,"[0.021899297817163155, 0.9551544542269781]",0.9770537520441412
162,"[0.07459326331794003, 0.261326995491136]",0.33592025880907606
163,"[0.6603752895238585, 0.7649612058818601]",1.4253364954057186
164,"[0.957437137607225, 0.880624781889297]",1.8380619194965222
165,"[0.25014991931899866, 0.6155290199080072]",0.8656789392270059
166,"[0.8247128698979299, 0.16839257276953334]",0.9931054426674633
167,"[0.8281546349346917, 0.21614723411298586]",1.0443018690476775
168,"[0.7283269294021941, 0.03456813827726668]",0.7628950676794608
169,"[0.5229703564487481, 0.512260925432453]",1.035231281881201
170,"[0.5471861397643623, 0.3072990292583092]",0.8544851690226715
171,"[0.5801422241953885, 0.6643520485339943]",1.2444942727293828
172,"[0.20127145660721502, 0.40604902618408445]",0.6073204827912995
173,"[0.7050037771040348, 0.20917791713361822]",0.914181694237653
174,"[0.03943139036717114, 0.01947739753366806]",0.0589087879008392
175,"[0.7489820206302154, 0.9155818209565624]",1.6645638415867778
176,"[0.27825843391575156, 0.5115537039497629]",0.7898121378655144
177,"[0.16639888106961465, 0.4207077730189175]",0.5871066540885321
178,"[0.8558124161998382, 0.8697321353758519]",1.7255445515756902
179,"[0.43247676098348664, 0.5031746864421144]",0.935651447425601
180,"[0.4423219980599937, 0.030837567249850206]",0.47315956530984393
181,"[0.4045310163640832, 0.17952558197480584]",0.584056598338889
182,"[0.7779552658839565, 0.4127450774154171]",1.1907003432993735
183,"[0.6626255525130808, 0.17277302637301428]",0.835398578886095
184,"[0.8356168605294191, 0.46325989772624143]",1.2988767582556604
185,"[0.8100868423020704, 0.9281527229393413]",1.7382395652414115
186,"[0.4010362244691962, 0.23325332231282225]",0.6342895467820184
187,"[0.7286776685637669, 0.7611073898094051]",1.489785058373172
188,"[0.4000933138478322, 0.6030372143829724]",1.0031305282308045
189,"[0.2571180941404565, 0.07607261885318883]",0.33319071299364533
190,"[0.42857362387350184, 0.5716828043134266]",1.0002564281869284
191,"[0.48012874814695283, 0.4926876595678198]",0.9728164077147726
192,"[0.5979581241776692, 0.1613048715457739]",0.7592629957234431
193,"[0.4071275381279943, 0.08047555845941312]",0.4876030965874074
194,"[0.6016383343889488, 0.885536846128353]",1.4871751805173017
195,"[0.9272727159175889, 0.6961213931680214]",1.62339410908561
196,"[0.2576354576785088, 0.700159452251031]",0.9577949099295399
197,"[0.3603718958503568, 0.7875248016528669]",1.1478966975032237
198,"[0.9419298656068051, 0.7388082889479219]",1.680738154554727
199,"[0.7835536591985173, 0.6254672298136146]",1.4090208890121318
200,"[0.6402233987855334, 0.38265318069618603]",1.0228765794817194
201,"[0.2947487134372573, 0.02658148010764627]",0.32133019354490355
202,"[0.8629654461044153, 0.23353707100807264]",1.096502517112488
203,"[0.4750386887814465, 0.9349361323419703]",1.4099748211234169
204,"[0.7306111863720556, 0.45470834085772605]",1.1853195272297816
205,"[0.6900209726715119, 0.031614665813795684]",0.7216356384853075
206,"[0.4804501807710535, 0.25127379320030174]",0.7317239739713552
207,"[0.6680369522312546, 0.8183141564805482]",1.4863511087118026
208,"[0.13076603183473334, 0.47997428032540224]",0.6107403121601356
209,"[0.5029254525722605, 0.5194875690756479]",1.0224130216479084
210,"[0.6182549256534384, 0.8272039462840629]",1.4454588719375012
211,"[0.025126797680393165, 0.875215809505552]",0.9003426071859452
212,"[0.775969332087831, 0.772842040501837]",1.5488113725896682
213,"[0.9823758267744251, 0.02818319057796903]",1.0105590173523942
214,"[0.9373133496295032, 0.5736568797420453]",1.5109702293715483
215,"[0.45352162245827776, 0.983400563736717]",1.4369221861949948
216,"[0.8936283093192035, 0.5339816186539517]",1.4276099279731551
217,"[0.295139617529098, 0.34317471748842987]",0.6383143350175279
218,"[0.6191543955202721, 0.4111739338117356]",1.0303283293320078
219,"[0.6303577329057588, 0.7800195023878057]",1.4103772352935646
220,"[0.66976997358641, 0.6893038576896323]",1.3590738312760422
221,"[0.1213505304832746, 0.19246340219494373]",0.31381393267821833
222,"[0.025643552342543896, 0.9558529437143808]",0.9814964960569247
223,"[0.4929425793234633, 0.5222114310848051]",1.0151540104082684
224,"[0.16113863523849214, 0.39889911029703773]",0.5600377455355299
225,"[0.7288040165896683, 0.2576576086347656]",0.9864616252244339
226,"[0.6729522349212251, 0.269017768346684]",0.9419700032679091
227,"[0.45688809825495735, 0.6348485693600042]",1.0917366676149616
228,"[0.13349182002927673, 0.2093229834445205]",0.3428148034737972
229,"[0.9495018910167214, 0.504843710342406]",1.4543456013591274
230,"[0.27386902636082633, 0.9919011937309508]",1.265770220091777
231,"[0.8437516596363211, 0.903709885795471]",1.747461545431792
232,"[0.1565488447338117, 0.8635393266929627]",1.0200881714267744
233,"[0.13255366654508516, 0.760997453640789]",0.8935511201858741
234,"[0.44213595755629975, 0.0026160260822127857]",0.44475198363851254
235,"[0.17792221616937343, 0.14798700746691884]",0.32590922363629227
236,"[0.6668507664058115, 0.12497244358437065]",0.7918232099901822
237,"[0.5209762443840458, 0.7067100920944208]",1.2276863364784667
238,"[0.2160428452151294, 0.30518640193224655]",0.521229247147376
239,"[0.2414649211434402, 0.28402859595774876]",0.525493517101189
240,"[0.1483700161822551, 0.7390224543670789]",0.887392470549334
241,"[0.1144453551896325, 0.45834900137968404]",0.5727943565693165
242,"[0.18288480428038312, 0.9858352189460997]",1.168720023226483
243,"[0.02553731400332715, 0.405021113389033]",0.43055842739236017
244,"[0.5353093954691317, 0.4763361925606945]",1.0116455880298263
245,"[0.9281392590261207, 0.6195691301042482]",1.547708389130369
246,"[0.8878182241829525, 0.054697788332239594]",0.9425160125151921
247,"[0.5809032302776521, 0.6631087258987156]",1.2440119561763678
248,"[0.4523403124971641, 0.8066072035697662]",1.2589475160669303
249,"[0.16520157544322944, 0.4616524073227446]",0.626853982765974
250,"[0.8155756980136709, 0.8696294974852405]",1.6852051954989116
251,"[0.19370427502143917, 0.515483313837734]",0.7091875888591732
252,"[0.3266005272310206, 0.4282560892276336]",0.7548566164586542
253,"[0.9293099405584876, 0.3264387087020387]",1.2557486492605263
254,"[0.5717505415610387, 0.14104607791702484]",0.7127966194780635
255,"[0.4611065293289187, 0.3091885412916242]",0.7702950706205429
256,"[0.8280920835399557, 0.6910283546133731]",1.5191204381533288
257,"[0.8517102526771216, 0.19723320492333285]",1.0489434576004544
258,"[0.9973088258842694, 0.2331180762367968]",1.2304269021210663
259,"[0.7424200038346613, 0.09812474588842535]",0.8405447497230867
260,"[0.05880075755725489, 0.6937983885856255]",0.7525991461428804
261,"[0.1679189340015963, 0.9167623729066039]",1.0846813069082002
262,"[0.41878211970592316, 0.8317981259204709]",1.2505802456263941
263,"[0.7444786562079156, 0.25549929148374395]",0.9999779476916596
264,"[0.9975452163212745, 0.7555206390698542]",1.7530658553911287
265,"[0.8215032765013444, 0.4963678225065099]",1.3178710990078542
266,"[0.40827279248392956, 0.16715269006812528]",0.5754254825520548
267,"[0.499934612756025, 0.17017711480330922]",0.6701117275593342
268,"[0.36762528812467343, 0.3667333213240531]",0.7343586094487266
269,"[0.5735201363414505, 0.5029046307605819]",1.0764247671020324
270,"[0.056853935038060244, 0.22045777774704645]",0.2773117127851067
271,"[0.6412507938787542, 0.8418034372541424]",1.4830542311328965
272,"[0.5524299421179805, 0.3091942599448676]",0.8616242020628481
273,"[0.852569869132746, 0.012454709411516274]",0.8650245785442623
274,"[0.5273003328019051, 0.08432889033733526]",0.6116292231392404
275,"[0.4353536780362761, 0.38577683874846347]",0.8211305167847396
276,"[0.8052962308058902, 0.6423150619682579]",1.4476112927741482
277,"[0.16941115867814094, 0.7515184740364548]",0.9209296327145957
278,"[0.20300318625881042, 0.3568656568933509]",0.5598688431521613
279,"[0.4919364707578122, 0.833460505068475]",1.3253969758262873
280,"[0.16220327527399925, 0.7186031582491396]",0.8808064335231388
281,"[0.24368041258983963, 0.7672131524440234]",1.010893565033863
282,"[0.6350284099436981, 0.9723049702562613]",1.6073333801999594
283,"[0.5436390530660723, 0.12610615361715216]",0.6697452066832245
284,"[0.7622517660004637, 0.25046858876118616]",1.01272035476165
285,"[0.4773856329216747, 0.5501349985563833]",1.0275206314780578
286,"[0.4281627382565739, 0.4835738936058437]",0.9117366318624176
287,"[0.18096657310916076, 0.6110842211495523]",0.792050794258713
288,"[0.811033256373895, 0.5639174979258963]",1.3749507542997912
289,"[0.5060264807983483, 0.33595571806308666]",0.841982198861435
290,"[0.8601878299997487, 0.44625439918588505]",1.3064422291856337
291,"[0.44619034465425134, 0.06794269631708694]",0.5141330409713383
292,"[0.7308126307937394, 0.8374263966240689]",1.5682390274178082
293,"[0.15334453408493565, 0.3529840650658783]",0.506328599150814
294,"[0.957361026413497, 0.05806644518438264]",1.0154274715978797
295,"[0.3683907329559094, 0.8986935027921042]",1.2670842357480137
296,"[0.4548095191661119, 0.07535859811637013]",0.530168117282482
297,"[0.0984245807007269, 0.18857881942084087]",0.2870034001215678
298,"[0.991876388695392, 0.04462020872769579]",1.0364965974230878
299,"[0.32589062831940163, 0.9596685552252148]",1.2855591835446165
300,"[0.2374755149762341, 0.1578225325904944]",0.3952980475667285
301,"[0.68010654180098, 0.5824541400615769]",1.2625606818625568
302,"[0.020504206132614278, 0.07324151692189174]",0.09374572305450601
303,"[0.7086152841116414, 0.3998716557335268]",1.1084869398451682
304,"[0.12689120896228134, 0.23176367405619758]",0.3586548830184789
305,"[0.36059676208689584, 0.12909263313303676]",0.4896893952199326
306,"[0.5698137060242903, 0.6578859005299597]",1.2276996065542498
307,"[0.4718523071651959, 0.7432229048008622]",1.2150752119660582
308,"[0.0018921896512517078, 0.3821997046654261]",0.3840918943166778
309,"[0.726303458683757, 0.7648376816854278]",1.4911411403691848
310,"[0.0034942229086726284, 0.7293094972949133]",0.732803720203586
311,"[0.8316026139712521, 0.9571004020392371]",1.7887030160104893
312,"[0.16415915363371947, 0.1120232717489017]",0.27618242538262117
313,"[0.04323874237948366, 0.051935856100361444]",0.09517459847984511
314,"[0.5473203816606559, 0.02163497278087545]",0.5689553544415313
315,"[0.28173580719096325, 0.811308702524114]",1.0930445097150772
316,"[0.03210255779944704, 0.905919137928773]",0.93802169572822
317,"[0.11160661060798882, 0.4312579711370952]",0.542864581745084
318,"[0.4658401499233722, 0.30081355608917903]",0.7666537060125512
319,"[0.13210008293096154, 0.3256699131038048]",0.4577699960347663
320,"[0.15948967698123429, 0.05299925861987553]",0.21248893560110982
321,"[0.40910878283903507, 0.4236894160724667]",0.8327981989115018
322,"[0.6138128467776012, 0.32923255168104726]",0.9430453984586484
323,"[0.4191909329497876, 0.7735111461896288]",1.1927020791394165
324,"[0.7107271289709767, 0.621898976169788]",1.3326261051407646
325,"[0.43524381845499915, 0.7168308935808095]",1.1520747120358088
326,"[0.5873467836948506, 0.06372457974236323]",0.6510713634372138
327,"[0.8814693554118269, 0.4750146998733972]",1.356484055285224
328,"[0.36272763539175645, 0.2170907217358684]",0.5798183571276249
329,"[0.13368999453235375, 0.7011386669072217]",0.8348286614395755
330,"[0.18125774890180157, 0.6210590182691131]",0.8023167671709147
331,"[0.8359879260243714, 0.8607826798497171]",1.6967706058740886
332,"[0.39928790367261735, 0.8460420515956693]",1.2453299552682866
333,"[0.5922685271546754, 0.9308195306719256]",1.5230880578266008
334,"[0.49300488847872825, 0.5127862962020813]",1.0057911846808096
335,"[0.15314824657835469, 0.17791724008018395]",0.33106548665853863
336,"[0.686136573191621, 0.25042436316916394]",0.936560936360785
337,"[0.9682193124491612, 0.38585636507093635]",1.3540756775200975
338,"[0.5061179836798732, 0.6790566566172622]",1.1851746402971353
339,"[0.016340558076628042, 0.8753466170098866]",0.8916871750865146
340,"[0.7583585230156111, 0.8305908230513707]",1.5889493460669817
341,"[0.7043205209027256, 0.3892831316951758]",1.0936036525979014
342,"[0.18161985819447757, 0.40853038435257405]",0.5901502425470516
343,"[0.20827465074306095, 0.8634634351997628]",1.0717380859428238
344,"[0.9996789925775085, 0.579343551196796]",1.5790225437743044
345,"[0.4117378214498003, 0.050698626241438505]",0.4624364476912388
346,"[0.5221914836676391, 0.2716915317696358]",0.7938830154372749
347,"[0.8311794323864422, 0.05742491412064932]",0.8886043465070915
348,"[0.13459186894649766, 0.37870471662183736]",0.513296585568335
349,"[0.48096379461943317, 0.8194249224487902]",1.3003887170682233
350,"[0.3828267869584622, 0.6601307666265023]",1.0429575535849644
351,"[0.2613816155813963, 0.9897697732403098]",1.251151388821706
352,"[0.7880340839354851, 0.7158943647968994]",1.5039284487323845
353,"[0.5588498752464809, 0.6060116826344335]",1.1648615578809145
354,"[0.44017529269290323, 0.5844037731195812]",1.0245790658124845
355,"[0.4810263733785095, 0.4172567070724591]",0.8982830804509686
356,"[0.15864214309575275, 0.7374661640575663]",0.896108307153319
357,"[0.4059431529584784, 0.4598942854964764]",0.8658374384549548
358,"[0.9420736116661168, 0.8372573362943241]",1.779330947960441
359,"[0.27832633788387795, 0.5885996960026811]",0.8669260338865591
360,"[0.9656400157201058, 0.01931885890617746]",0.9849588746262833
361,"[0.0307008128549755, 0.6293068806889378]",0.6600076935439133
362,"[0.8786700843002597, 0.004196004560484856]",0.8828660888607446
363,"[0.6587783061568279, 0.18350129063468335]",0.8422795967915112
364,"[0.005319800088158022, 0.7875950161091101]",0.7929148161972681
365,"[0.9365589783393932, 0.44714189833057105]",1.3837008766699643
366,"[0.4121235419078286, 0.31388580506332875]",0.7260093469711574
367,"[0.911367924150789, 0.139540408256128]",1.050908332406917
368,"[0.3572659080515673, 0.9231823802169298]",1.280448288268497
369,"[0.6343845616669516, 0.6766810596334347]",1.3110656213003864
370,"[0.4139225954798591, 0.6360754999812188]",1.049998095461078
371,"[0.3632086497430792, 0.03562748761801915]",0.39883613736109835
372,"[0.4688248569959388, 0.12125127966393645]",0.5900761366598752
373,"[0.07210128562214257, 0.7911819634771358]",0.8632832490992783
374,"[0.7086571849588442, 0.7950515873255255]",1.5037087722843698
375,"[0.015929044961867977, 0.45029937080662275]",0.4662284157684907
376,"[0.9191494944403251, 0.09876411076496272]",1.0179136052052877
377,"[0.5698782139942078, 0.759251802868123]",1.3291300168623308
378,"[0.41951879836545736, 0.279649421835761]",0.6991682202012184
379,"[0.1773993612984821, 0.9117807451914842]",1.0891801064899664
380,"[0.5276396220593514, 0.7426582026379708]",1.2702978246973222
381,"[0.797911194253467, 0.0933346215599059]",0.8912458158133729
382,"[0.06701255900382519, 0.00435796251513787]",0.07137052151896306
383,"[0.5900106426933674, 0.9466513115367093]",1.5366619542300768
384,"[0.6586502690093056, 0.8218523564009994]",1.4805026254103049
385,"[0.4715457453612144, 0.3075242593951514]",0.7790700047563658
386,"[0.6813451249317003, 0.13090888551523072]",0.812254010446931
387,"[0.6770960648775979, 0.20366067807729793]",0.8807567429548958
388,"[0.6239341307916841, 0.6510488633459005]",1.2749829941375848
389,"[0.7385666811848632, 0.6428125537029357]",1.381379234887799
390,"[0.6496651767343149, 0.6418506055469596]",1.2915157822812744
391,"[0.99046850174216, 0.5298024077239106]",1.5202709094660705
392,"[0.9946907624450704, 0.5043890889742827]",1.499079851419353
393,"[0.21967430791000175, 0.8311235415659843]",1.0507978494759862
394,"[0.29340729666220255, 0.8396531551291727]",1.1330604517913754
395,"[0.14113040520408537, 0.9896164636407087]",1.1307468688447941
396,"[0.4509521018247996, 0.8617806590429388]",1.3127327608677384
397,"[0.5346995479863065, 0.7679479496610463]",1.3026474976473528
398,"[0.7949434192744727, 0.9893756212457823]",1.784319040520255
399,"[0.17954980638107476, 0.06307301582282676]",0.24262282220390152
400,"[0.48655717871397186, 0.67460437713818]",1.1611615558521517
401,"[0.7087699119331317, 0.6067110924984127]",1.3154810044315444
402,"[0.46358746368904813, 0.08591206363382853]",0.5494995273228767
403,"[0.40236374854236834, 0.19064990256904724]",0.5930136511114156
404,"[0.3671141266489364, 0.5881214464370886]",0.955235573086025
405,"[0.29829288630536455, 0.44704620934794903]",0.7453390956533136
406,"[0.4165535476146328, 0.7774017082971668]",1.1939552559117996
407,"[0.2525389976432326, 0.8534329963189985]",1.105971993962231
408,"[0.6073303133827065, 0.7235950311369349]",1.3309253445196414
409,"[0.3143544492574788, 0.777767430731513]",1.0921218799889918
410,"[0.7206230984048495, 0.6258167698613533]",1.3464398682662027
411,"[0.8576659965953778, 0.17897698265712858]",1.0366429792525063
412,"[0.2951339550660884, 0.2806418273287178]",0.5757757823948062
413,"[0.14613167957233142, 0.4091842696633582]",0.5553159492356896
414,"[0.7846210315036969, 0.20535623671190562]",0.9899772682156025
415,"[0.6657579942257071, 0.3542906613886949]",1.020048655614402
416,"[0.059382974723853454, 0.3281517506138085]",0.387534725337662
417,"[0.006347563057411243, 0.8786535838507445]",0.8850011469081558
418,"[0.8168675238899235, 0.7527356663574265]",1.56960319024735
419,"[0.8452066889672083, 0.7717242295649263]",1.6169309185321346
420,"[0.3613943881302728, 0.5649313114696385]",0.9263256995999113
421,"[0.48416214743605546, 0.3791271896224191]",0.8632893370584745
422,"[0.8312170209091306, 0.172429762165207]",1.0036467830743376
423,"[0.47653361718691933, 0.010029741523639779]",0.4865633587105591
424,"[0.27868082166373054, 0.821055318866075]",1.0997361405298056
425,"[0.15123535701067714, 0.3202360131631061]",0.47147137017378327
426,"[0.6573269963410361, 0.7980499418975496]",1.4553769382385857
427,"[0.7553956815892591, 0.10637873505157469]",0.8617744166408338
428,"[0.4691733427838679, 0.5760430190987069]",1.045216361882575
429,"[0.6784105383962773, 0.2301650028335085]",0.9085755412297858
430,"[0.4146477940132628, 0.2833533759053033]",0.6980011699185661
431,"[0.09417254496244964, 0.6161583262217554]",0.710330871184205
432,"[0.4851040906034072, 0.6482704525993024]",1.1333745432027096
433,"[0.7495795272011735, 0.2140440999488159]",0.9636236271499894
434,"[0.9641024796208433, 0.9051381674332526]",1.8692406470540959
435,"[0.8855312619837783, 0.3629938631050118]",1.24852512508879
436,"[0.7008257468966977, 0.5828099477465687]",1.2836356946432663
437,"[0.5750189332640423, 0.8682719891299461]",1.4432909223939885
438,"[0.051237203270315335, 0.35847730637293884]",0.4097145096432542
439,"[0.1533277398547479, 0.5697711924509202]",0.7230989323056681
440,"[0.9773266626463735, 0.09744828646662917]",1.0747749491130025
441,"[0.5902350558554598, 0.5788736433986922]",1.169108699254152
442,"[0.8863755899611809, 0.3611806696521044]",1.2475562596132854
443,"[0.48048218272051013, 0.6004078806380926]",1.0808900633586027
444,"[0.24007916489121195, 0.025889362846007957]",0.2659685277372199
445,"[0.24758788025606548, 0.032136555523696986]",0.27972443577976247
446,"[0.394177569414471, 0.9814973141689282]",1.3756748835833992
447,"[0.7692333967960894, 0.34792952322510295]",1.1171629200211923
448,"[0.3873182885847505, 0.5852670599133202]",0.9725853484980707
449,"[0.04585175289665244, 0.22983149772904332]",0.27568325062569576
450,"[0.040238309762465896, 0.703161248508243]",0.7433995582707089
451,"[0.28230967870260404, 0.5486299617090111]",0.8309396404116152
452,"[0.8186832414689514, 0.24868600949804842]",1.0673692509669999
453,"[0.011337878815013136, 0.8959312807537905]",0.9072691595688036
454,"[0.40884094984891584, 0.37371592789529073]",0.7825568777442066
455,"[0.16581789144762338, 0.7224135059181871]",0.8882313973658105
456,"[0.07584588612815057, 0.8192504232482811]",0.8950963093764317
457,"[0.3532139347728692, 0.9086198313191471]",1.2618337660920163
458,"[0.6108724805882686, 0.4628950674993595]",1.073767548087628
459,"[0.9601480233205301, 0.3165577546318161]",1.2767057779523463
460,"[0.5010319226754973, 0.07788508931517168]",0.578917011990669
461,"[0.29166187978103375, 0.8844261824215051]",1.1760880622025387
462,"[0.6427942808774745, 0.34066244087009323]",0.9834567217475677
463,"[0.8881854227052796, 0.1439080228492311]",1.0320934455545108
464,"[0.713787892990018, 0.09321281824754368]",0.8070007112375617
465,"[0.15584685373590934, 0.9759474119839918]",1.1317942657199012
466,"[0.2709711931702372, 0.002689282384225944]",0.27366047555446316
467,"[0.06813377501654261, 0.862813022040125]",0.9309467970566676
468,"[0.6166750465956876, 0.28987085501735577]",0.9065459016130434
469,"[0.36919106852611827, 0.9748244244229741]",1.3440154929490924
470,"[0.7924104891077589, 0.43076014673467367]",1.2231706358424326
471,"[0.6202941765660588, 0.2549706960852073]",0.8752648726512661
472,"[0.02203454822219908, 0.6805247530481683]",0.7025593012703674
473,"[0.862338279503559, 0.3901022401830829]",1.252440519686642
474,"[0.3344198982226797, 0.7292785029740094]",1.0636984011966892
475,"[0.5721629099058644, 0.9900512075043577]",1.562214117410222
476,"[0.6013251485798393, 0.8861674167794797]",1.487492565359319
477,"[0.501706481596158, 0.018351872036315275]",0.5200583536324733
478,"[0.955920028987394, 0.16457874657347338]",1.1204987755608675
479,"[0.6180315023256233, 0.08124227424363395]",0.6992737765692573
480,"[0.0296263358205634, 0.6991650955946604]",0.7287914314152238
481,"[0.7272565372330975, 0.4300591828013458]",1.1573157200344433
482,"[0.21834692527268595, 0.6624043565030008]",0.8807512817756867
483,"[0.23411015432722115, 0.358912851017105]",0.5930230053443262
484,"[0.5501615902966235, 0.5272222833359717]",1.0773838736325951
485,"[0.6089244782112493, 0.40129318415945625]",1.0102176623707055
486,"[0.8635023943385058, 0.8508966106253804]",1.7143990049638862
487,"[0.47411171208838576, 0.4610829054664979]",0.9351946175548836
488,"[0.9201564158061586, 0.1784954464202898]",1.0986518622264483
489,"[0.4457233959033883, 0.4806395471329914]",0.9263629430363797
490,"[0.4179745681795375, 0.4403575290016186]",0.8583320971811561
491,"[0.1361797004974593, 0.07054296795812554]",0.20672266845558485
492,"[0.994244323138932, 0.5153426561908651]",1.509586979329797
493,"[0.9740707467022754, 0.5347846197658945]",1.50885536646817
494,"[0.06428326823699015, 0.7200450033470224]",0.7843282715840125
495,"[0.6419264635468258, 0.8283447615172495]",1.4702712250640753
496,"[0.651434062786574, 0.36121980294260914]",1.0126538657291833
497,"[0.34465533929496295, 0.07267715501131411]",0.41733249430627706
498,"[0.30047260156033995, 0.07214114836465146]",0.3726137499249914
499,"[0.8012045503025006, 0.19336978572860464]",0.9945743360311052
500,"[0.29326040852257684, 0.9989050483031866]",1.2921654568257634
501,"[0.8911970402562109, 0.9909393945322478]",1.8821364347884586
502,"[0.28743315517910906, 0.3540633346825045]",0.6414964898616136
503,"[0.6336394114010037, 0.8556411157749237]",1.4892805271759273
504,"[0.5826661067889471, 0.2250419282095112]",0.8077080349984583
505,"[0.4758739050877353, 0.3576639687749792]",0.8335378738627145
506,"[0.7539990371863287, 0.6158112290242516]",1.3698102662105802
507,"[0.6178947805463605, 0.6159981234930978]",1.2338929040394584
508,"[0.8524044907279361, 0.506479863633834]",1.3588843543617701
509,"[0.7499965542915472, 0.3612803505775357]",1.111276904869083
510,"[0.8038526055852548, 0.9550078259112587]",1.7588604314965135
511,"[0.4518951868696106, 0.4744707334679379]",0.9263659203375485
512,"[0.00021634804560244358, 0.6043118437046875]",0.6045281917502899
513,"[0.5019784647586578, 0.643958818913144]",1.1459372836718018
514,"[0.44037831524617443, 0.45808499167205696]",0.8984633069182314
515,"[0.6568871820553427, 0.44772293924299167]",1.1046101212983344
516,"[0.25445111306299195, 0.5494840958809625]",0.8039352089439544
517,"[0.23086714543014641, 0.0061618901693837325]",0.23702903559953015
518,"[0.10773985194204261, 0.06726273191540444]",0.17500258385744705
519,"[0.10080442877939044, 0.8922591332589919]",0.9930635620383823
520,"[0.8707609464839022, 0.5424027556485169]",1.4131637021324193
521,"[0.5230791510317903, 0.13692734800126738]",0.6600064990330576
522,"[0.40293268923248615, 0.04744251138960753]",0.4503752006220937
523,"[0.4635461371749392, 0.7337681778664544]",1.1973143150413936
524,"[0.17243728687742166, 0.11371916456619247]",0.2861564514436141
525,"[0.8486140121847169, 0.17132348385097962]",1.0199374960356966
526,"[0.3928330443420498, 0.13131080474725965]",0.5241438490893094
527,"[0.24540133604613878, 0.7771646881380293]",1.022566024184168
528,"[0.03390733724727868, 0.4303577084681044]",0.4642650457153831
529,"[0.5885120026651226, 0.4983712779118128]",1.0868832805769353
530,"[0.708349099945945, 0.9802984301785831]",1.688647530124528
531,"[0.3572245192237986, 0.6214626771266863]",0.978687196350485
532,"[0.5170910195177257, 0.8074617423996057]",1.3245527619173314
533,"[0.6021104774439758, 0.2001672250431179]",0.8022777024870937
534,"[0.8136476723339668, 0.620623374679878]",1.434271047013845
535,"[0.4634105375698726, 0.7897491440056581]",1.2531596815755308
536,"[0.7579835448296756, 0.23452342833581685]",0.9925069731654924
537,"[0.8018238721275467, 0.6919886249386612]",1.493812497066208
538,"[0.7810319413517343, 0.7720377719542717]",1.553069713306006
539,"[0.721162098417976, 0.40669433632324936]",1.1278564347412252
540,"[0.45367328799113305, 0.4912387553891773]",0.9449120433803103
541,"[0.896233523775515, 0.9150021866395958]",1.8112357104151107
542,"[0.6762163258631005, 0.9873863055216768]",1.6636026313847774
543,"[0.4033391045379713, 0.1864956619334176]",0.5898347664713889
544,"[0.3740920404569582, 0.48603297990669936]",0.8601250203636576
545,"[0.4914971953962085, 0.08515374768258288]",0.5766509430787914
546,"[0.20103026181352157, 0.6215629456033835]",0.8225932074169051
547,"[0.06483853866714384, 0.2625842961793393]",0.32742283484648316
548,"[0.5013562790635565, 0.3782832134870815]",0.879639492550638
549,"[0.559844753216214, 0.44039645039954034]",1.0002412036157544
550,"[0.5686335151695866, 0.07130778066236187]",0.6399412958319485
551,"[0.55532250233467, 0.6164467543601059]",1.171769256694776
552,"[0.7788959716182544, 0.09799549719206047]",0.8768914688103149
553,"[0.3429792222605522, 0.37539077661704845]",0.7183699988776007
554,"[0.4485917519312559, 0.8579794670252244]",1.3065712189564804
555,"[0.3395989469342465, 0.21057356940303262]",0.5501725163372791
556,"[0.6602499619950788, 0.23230780853020505]",0.8925577705252838
557,"[0.4924615375830578, 0.7266878448349973]",1.219149382418055
558,"[0.37387646924161877, 0.45598157781223014]",0.8298580470538489
559,"[0.8772160083286505, 0.5532460593003763]",1.4304620676290267
560,"[0.48103263932052187, 0.5892084549695299]",1.0702410942900518
561,"[0.2994516182757895, 0.026037234340916537]",0.325488852616706
562,"[0.9465790049584594, 0.4947437991590501]",1.4413228041175095
563,"[0.4391753520947185, 0.027612332550576157]",0.46678768464529463
564,"[0.6405978202196861, 0.9765365130046157]",1.617134333224302
565,"[0.9561774006280349, 0.200155163001823]",1.1563325636298578
566,"[0.7803606476620013, 0.000732810269604478]",0.7810934579316058
567,"[0.28730954915533147, 0.47578663131551757]",0.763096180470849
568,"[0.5866082658412469, 0.8385943187063377]",1.4252025845475846
569,"[0.7389241759150187, 0.05670300087477065]",0.7956271767897893
570,"[0.32578171844178105, 0.018305483080253815]",0.34408720152203487
571,"[0.5986006892996598, 0.7602092418757864]",1.3588099311754462
572,"[0.20243406076059112, 0.008682538807720075]",0.2111165995683112
573,"[0.6052052833453684, 0.706851536230005]",1.3120568195753735
574,"[0.32015175631064363, 0.6205739018824815]",0.9407256581931251
575,"[0.8259174163338657, 0.3087056356960738]",1.1346230520299394
576,"[0.6734986928084363, 0.9405901044099104]",1.6140887972183466
577,"[0.059491807323177825, 0.7726203104850732]",0.832112117808251
578,"[0.20428056581380427, 0.763939144694976]",0.9682197105087803
579,"[0.6556820603163863, 0.0586612205543694]",0.7143432808707557
580,"[0.020479220637816264, 0.20011869021413076]",0.22059791085194702
581,"[0.42249249715498927, 0.308397404463883]",0.7308899016188722
582,"[0.6237508432063578, 0.589861772748082]",1.2136126159544398
583,"[0.7340525995614244, 0.7066345018209106]",1.440687101382335
584,"[0.8236755780830438, 0.6311393412527702]",1.454814919335814
585,"[0.12248252559478745, 0.6086837495287468]",0.7311662751235343
586,"[0.10087297232047299, 0.5288617392578642]",0.6297347115783372
587,"[0.6078046465209732, 0.6149827676010332]",1.2227874141220063
588,"[0.34367982421057075, 0.09089313200261417]",0.4345729562131849
589,"[0.3217992555293545, 0.49124715959639786]",0.8130464151257524
590,"[0.40275204493762096, 0.23698540146832292]",0.6397374464059439
591,"[0.45003213936682074, 0.6420997874101243]",1.0921319267769451
592,"[0.6250342247856113, 0.6331734571650828]",1.2582076819506942
593,"[0.08421109676348026, 0.9020484496751786]",0.9862595464386589
594,"[0.9635938630505307, 0.1545776746527483]",1.118171537703279
595,"[0.1860549965345809, 0.9071390383350968]",1.0931940348696778
596,"[0.4499059932603833, 0.5147386519057314]",0.9646446451661147
597,"[0.880328648690022, 0.7344121054920345]",1.6147407541820566
598,"[0.7091234670380391, 0.11548577239165636]",0.8246092394296954
599,"[0.512635657989981, 0.058692031270948464]",0.5713276892609295
600,"[0.6304726151863055, 0.6300907346955625]",1.260563349881868
601,"[0.48710790296203843, 0.6302660878093431]",1.1173739907713816
602,"[0.8128681184106007, 0.17564804542702328]",0.988516163837624
603,"[0.4618357232998669, 0.8345253299945883]",1.2963610532944552
604,"[0.15455128611101132, 0.059925136191103845]",0.21447642230211517
605,"[0.1476601913859752, 0.5326956057319341]",0.6803557971179093
606,"[0.9674948277530971, 0.9015597195523629]",1.86905454730546
607,"[0.2106800452358608, 0.4066470610958519]",0.6173271063317127
608,"[0.5945431233904847, 0.47960276896478793]",1.0741458923552725
609,"[0.40457029750978424, 0.016013825925079828]",0.42058412343486407
610,"[0.08811401184119227, 0.6988045327150844]",0.7869185445562766
611,"[0.6595531978190212, 0.9187238068534035]",1.5782770046724246
612,"[0.7765993425103562, 0.28012130394435986]",1.056720646454716
613,"[0.6457400325288633, 0.36402381235828096]",1.0097638448871442
614,"[0.007838319552479156, 0.9918725013683468]",0.999710820920826
615,"[0.04926517196800828, 0.5813927321181778]",0.630657904086186
616,"[0.2129409276845492, 0.5534314115966683]",0.7663723392812175
617,"[0.2484281275526391, 0.9615670985922945]",1.2099952261449336
618,"[0.10027475873304847, 0.26903282598434564]",0.3693075847173941
619,"[0.007025531767697157, 0.8002677657148356]",0.8072932974825328
620,"[0.3569115066930809, 0.0870513716658402]",0.4439628783589211
621,"[0.20418455036545624, 0.4701111632739705]",0.6742957136394268
622,"[0.029156449660428296, 0.4980408867898567]",0.527197336450285
623,"[0.873138820368024, 0.700242595018199]",1.5733814153862231
624,"[0.4538789684212411, 0.03652720471335802]",0.4904061731345991
625,"[0.48527999170125524, 0.6667869896431531]",1.1520669813444084
626,"[0.26230949304688833, 0.268259598655449]",0.5305690917023373
627,"[0.3478921030000808, 0.48801174399596725]",0.835903846996048
628,"[0.1138809818802573, 0.9646121888228522]",1.0784931707031093
629,"[0.08710593933707667, 0.24481073042838164]",0.3319166697654583
630,"[0.6918432754281694, 0.5827771176708603]",1.2746203930990296
631,"[0.5911243347557894, 0.7247641862121802]",1.3158885209679696
632,"[0.33136218687790664, 0.1928875066139002]",0.5242496934918068
633,"[0.09766933847275039, 0.21024649739580792]",0.3079158358685583
634,"[0.29279540689766936, 0.2955802450358658]",0.5883756519335351
635,"[0.8996145404942473, 0.9074080031081126]",1.80702254360236
636,"[0.9594563506095853, 0.255721469580103]",1.2151778201896883
637,"[0.5367811776572776, 0.15116159181316724]",0.6879427694704449
638,"[0.7421817177418445, 0.7394093187162358]",1.4815910364580804
639,"[0.6778309733674591, 0.21030096256952824]",0.8881319359369874
640,"[0.2720614140908202, 0.955475738921562]",1.2275371530123822
641,"[0.9363093700666774, 0.11612841888773973]",1.0524377889544172
642,"[0.3133556512084834, 0.6215780801592574]",0.9349337313677408
643,"[0.8932636912351919, 0.8374049996348952]",1.730668690870087
644,"[0.39421442591992195, 0.8056150744316201]",1.199829500351542
645,"[0.8115761873666466, 0.7873060355093633]",1.5988822228760098
646,"[0.2500430532631164, 0.8272758987713346]",1.0773189520344508
647,"[0.8283493999769787, 0.32110920834405343]",1.149458608321032
648,"[0.2718042444070665, 0.10567265313944052]",0.37747689754650704
649,"[0.4817547978341049, 0.5929695839807546]",1.0747243818148595
650,"[0.6585004914454666, 0.2743722269126665]",0.9328727183581331
651,"[0.29453552070254174, 0.5251884518752026]",0.8197239725777443
652,"[0.6533275527341013, 0.4303428115069785]",1.0836703642410797
653,"[0.4864748906702132, 0.13080316544461812]",0.6172780561148313
654,"[0.3469469430308644, 0.2457297388636761]",0.5926766818945405
655,"[0.41642058699201556, 0.8503362953568895]",1.266756882348905
656,"[0.9456546254243217, 0.8982995674428076]",1.8439541928671292
657,"[0.707666609414557, 0.430770383163649]",1.1384369925782059
658,"[0.26992603104216795, 0.6737160925257002]",0.9436421235678681
659,"[0.9729935752547352, 0.732214594160857]",1.705208169415592
660,"[0.621216230471391, 0.8021031134225596]",1.4233193438939504
661,"[0.9220221647186484, 0.8474202982008648]",1.7694424629195131
662,"[0.808376994344684, 0.5993662749123174]",1.4077432692570016
663,"[0.6731280423746709, 0.5003397350893104]",1.1734677774639812
664,"[0.8764222812740766, 0.45208885293985934]",1.328511134213936
665,"[0.2950814738217261, 0.7822761255682771]",1.077357599390003
666,"[0.6314099191761926, 0.7297237512603549]",1.3611336704365475
667,"[0.4168449047811097, 0.8509888550524872]",1.267833759833597
668,"[0.6097519787251108, 0.7349609461232681]",1.344712924848379
669,"[0.15462244639948652, 0.22899522570158726]",0.3836176721010738
670,"[0.46490152750441005, 0.7085012734084519]",1.173402800912862
671,"[0.2857638505731416, 0.8363564704101403]",1.122120320983282
672,"[0.2180476837874663, 0.21890800672725685]",0.43695569051472316
673,"[0.41064445497930946, 0.45723732833510466]",0.8678817833144141
674,"[0.3305251424084166, 0.12045562334631277]",0.45098076575472934
675,"[0.9132452062909114, 0.4844066370351422]",1.3976518433260536
676,"[0.3388087815523906, 0.3342945935132632]",0.6731033750656538
677,"[0.7028749819928046, 0.021609929404270978]",0.7244849113970756
678,"[0.8355214577314181, 0.5430008983463086]",1.3785223560777267
679,"[0.03362581836475054, 0.17861111607813285]",0.21223693444288338
680,"[0.7929118873959341, 0.07621478174293894]",0.869126669138873
681,"[0.6949446100108388, 0.20700658663205518]",0.901951196642894
682,"[0.6364809535492937, 0.7624760761631164]",1.39895702971241
683,"[0.6179019536740897, 0.5175208000641474]",1.135422753738237
684,"[0.17675362062196742, 0.7885424475321505]",0.965296068154118
685,"[0.5784480437347604, 0.8694303936002321]",1.4478784373349924
686,"[0.26122546986682915, 0.0765642509572978]",0.33778972082412695
687,"[0.5191936182859256, 0.16397730358767226]",0.6831709218735978
688,"[0.09145579442083074, 0.48808460551406996]",0.5795403999349007
689,"[0.5489525135634519, 0.2983283004975128]",0.8472808140609647
690,"[0.47293748462910723, 0.7969696433924467]",1.269907128021554
691,"[0.7436928147318329, 0.9626174054581197]",1.7063102201899527
692,"[0.17466823839450796, 0.40514843720276106]",0.579816675597269
693,"[0.1887297630908038, 0.6684632539890654]",0.8571930170798692
694,"[0.24631950634626842, 0.47037144657675334]",0.7166909529230218
695,"[0.8487014521352397, 0.6059300469659947]",1.4546314991012346
696,"[0.6437265540860301, 0.3795579343111384]",1.0232844883971683
697,"[0.044223485211061786, 0.7793128810242624]",0.8235363662353242
698,"[0.4445209831125143, 0.5238683310637657]",0.96838931417628
699,"[0.9505267033717948, 0.4658905912398872]",1.416417294611682
700,"[0.44709809762332564, 0.9967637688332661]",1.4438618664565919
701,"[0.9998979760931759, 0.2559466020437372]",1.2558445781369132
702,"[0.24806021332168227, 0.2099369327062972]",0.4579971460279795
703,"[0.7556864790101656, 0.4630894324706294]",1.218775911480795
704,"[0.9762962225513464, 0.4950285370257016]",1.471324759577048
705,"[0.6391681486345177, 0.6874466238786248]",1.3266147725131425
706,"[0.8526398347473265, 0.7242921862554702]",1.5769320210027966
707,"[0.473876512248391, 0.18270230473575322]",0.6565788169841442
708,"[0.02480794878662973, 0.7969685807421086]",0.8217765295287384
709,"[0.28352202935798443, 0.036065738285425586]",0.31958776764341
710,"[0.15327738788859313, 0.82326192659116]",0.9765393144797532
711,"[0.03962212126025866, 0.36003051724416824]",0.3996526385044269
712,"[0.666055973615044, 0.2736705044363329]",0.9397264780513769
713,"[0.7320302951595796, 0.7929820231240526]",1.5250123182836322
714,"[0.9973521356882399, 0.001389630331648739]",0.9987417660198886
715,"[0.9755526643186689, 0.022873182164330097]",0.998425846482999
716,"[0.30222106534431026, 0.20994937438697614]",0.5121704397312864
717,"[0.910179643432142, 0.46242720315231334]",1.3726068465844552
718,"[0.4655339299661433, 0.9168729781523202]",1.3824069081184636
719,"[0.18395915731327084, 0.6290676466709809]",0.8130268039842518
720,"[0.12723208199581115, 0.8980559240522172]",1.0252880060480285
721,"[0.08811792482067005, 0.5983368278238322]",0.6864547526445023
722,"[0.4183659545952624, 0.8546519838330027]",1.2730179384282652
723,"[0.7933200508892929, 0.28606146243924835]",1.0793815133285412
724,"[0.07379011091622578, 0.24284281414942688]",0.31663292506565266
725,"[0.5185002835074871, 0.9478385677162349]",1.466338851223722
726,"[0.3114132306274646, 0.46239102832321977]",0.7738042589506844
727,"[0.8266822835977511, 0.24004152838950388]",1.0667238119872549
728,"[0.7577993545215853, 0.8317623287455135]",1.5895616832670987
729,"[0.6354134960929639, 0.7173943232234221]",1.3528078193163862
730,"[0.011990251091019477, 0.6628916359378707]",0.6748818870288902
731,"[0.5757618021709356, 0.3230400254749005]",0.8988018276458362
732,"[0.01643883587678663, 0.6025696445001434]",0.61900848037693
733,"[0.7806599877546266, 0.08252984323163515]",0.8631898309862618
734,"[0.76295534921555, 0.3530945311704552]",1.1160498803860053
735,"[0.0507038838334356, 0.5652736190898096]",0.6159775029232452
736,"[0.9424365983936666, 0.5244336203114177]",1.4668702187050844
737,"[0.27153052091770635, 0.8390302093310368]",1.1105607302487432
738,"[0.6169662217508487, 0.23630416163446377]",0.8532703833853125
739,"[0.7258480977993125, 0.7619742789585847]",1.4878223767578973
740,"[0.41092725173524924, 0.5733963192414075]",0.9843235709766568
741,"[0.37005005131576973, 0.46654699826249313]",0.8365970495782629
742,"[0.341190777230587, 0.5910165710334422]",0.9322073482640292
743,"[0.2570998519289712, 0.5822304819912297]",0.839330333920201
744,"[0.7239558776486551, 0.3734287353518899]",1.097384613000545
745,"[0.4794295866652357, 0.6810242918733013]",1.160453878538537
746,"[0.31960080663320745, 0.9160037545585615]",1.235604561191769
747,"[0.790585000350319, 0.4569206120775764]",1.2475056124278954
748,"[0.5082292627580924, 0.14079332241789255]",0.649022585175985
749,"[0.5291394274222812, 0.8382808974340513]",1.3674203248563326
750,"[0.2028844616151374, 0.48629410478473567]",0.6891785663998731
751,"[0.9529927290456293, 0.996288858563861]",1.9492815876094902
752,"[0.07611489878915823, 0.32653152231902416]",0.4026464211081824
753,"[0.8613307467054491, 0.31296737329097735]",1.1742981199964264
754,"[0.970718765272273, 0.9873276187349016]",1.9580463840071745
755,"[0.7313031071837173, 0.33549724784933554]",1.066800355033053
756,"[0.5486111363864695, 0.6469660903605898]",1.1955772267470595
757,"[0.3291911310682585, 0.0033881968981148702]",0.33257932796637335
758,"[0.9175126006502815, 0.11783663121996879]",1.0353492318702502
759,"[0.4839651617027382, 0.7393629116119814]",1.2233280733147196
760,"[0.623421459754024, 0.8342182614646335]",1.4576397212186576
761,"[0.36256681723145556, 0.6661656231913845]",1.0287324404228402
762,"[0.7598171974767215, 0.020077702802525965]",0.7798949002792475
763,"[0.26913752978347405, 0.8419148648743923]",1.1110523946578663
764,"[0.7385830133888838, 0.0022689050254900422]",0.7408519184143738
765,"[0.21901762936667102, 0.805238314125601]",1.024255943492272
766,"[0.8236613785671777, 0.9870719572956119]",1.8107333358627895
767,"[0.49976517868397907, 0.6445555103806144]",1.1443206890645934
768,"[0.1602353774926626, 0.8873622921815096]",1.0475976696741722
769,"[0.9842832047264217, 0.5858714543178426]",1.5701546590442643
770,"[0.9009049929443965, 0.41164834874374023]",1.3125533416881368
771,"[0.5371460368381775, 0.4337077364583204]",0.9708537732964979
772,"[0.45024180502382094, 0.44943542024091754]",0.8996772252647385
773,"[0.39930536977568987, 0.67856622486998]",1.0778715946456698
774,"[0.1126091652515917, 0.0269372226175445]",0.1395463878691362
775,"[0.9918537102930738, 0.47922998577130005]",1.4710836960643738
776,"[0.42714361401349665, 0.4549797076957077]",0.8821233217092044
777,"[0.3514907949841696, 0.29165742120389915]",0.6431482161880687
778,"[0.21237670427744826, 0.8310359369747553]",1.0434126412522036
779,"[0.28615639985451413, 0.5360345235779569]",0.822190923432471
780,"[0.7088854116670663, 0.045667394774961956]",0.7545528064420283
781,"[0.1802870397800409, 0.0049800848101506645]",0.18526712459019157
782,"[0.0497713599336268, 0.26888850269635245]",0.31865986262997925
783,"[0.2859392958268959, 0.28416120002283585]",0.5701004958497318
784,"[0.5091087323995961, 0.816207533245196]",1.325316265644792
785,"[0.29667552721410684, 0.0937893423855698]",0.39046486959967663
786,"[0.32967646194109845, 0.4711788564688554]",0.8008553184099538
787,"[0.4264095282014766, 0.5576474975956196]",0.9840570257970962
788,"[0.8561425991586925, 0.44433472400695306]",1.3004773231656457
789,"[0.8687222754501596, 0.852486009378405]",1.7212082848285646
790,"[0.09145987536472877, 0.6860254685839785]",0.7774853439487073
791,"[0.47021379073643277, 0.728925550329021]",1.1991393410654538
792,"[0.04733922696137516, 0.8128068838861682]",0.8601461108475433
793,"[0.8358245047907896, 0.08198551858133052]",0.9178100233721201
794,"[0.9721854448487751, 0.5519992248763221]",1.5241846697250971
795,"[0.14926234718418552, 0.9068984819814209]",1.0561608291656064
796,"[0.854684887881943, 0.40560082452647883]",1.2602857124084217
797,"[0.3266886418750218, 0.3164655332779943]",0.6431541751530161
798,"[0.6445457707194814, 0.4080970201122128]",1.0526427908316942
799,"[0.47904879927868527, 0.177161026013696]",0.6562098252923813
800,"[0.8858781799604095, 0.9839614722355696]",1.8698396521959793
801,"[0.6104929244660507, 0.8860902989259004]",1.4965832233919512
802,"[0.22513320774343892, 0.4700240736455398]",0.6951572813889787
803,"[0.40817939821545, 0.029744575256904993]",0.437923973472355
804,"[0.9516051108726188, 0.4551907938903741]",1.4067959047629928
805,"[0.9664605911044535, 0.46733740639490284]",1.4337979974993562
806,"[0.7308595819047713, 0.44095029240390704]",1.1718098743086784
807,"[0.760168544919795, 0.7894246612040047]",1.5495932061237996
808,"[0.9136507262546572, 0.3605353905762839]",1.2741861168309412
809,"[0.3075813806312503, 0.20189730903674363]",0.5094786896679939
810,"[0.30494025369796596, 0.3991280841449535]",0.7040683378429194
811,"[0.40411837088560565, 0.26368300446145176]",0.6678013753470574
812,"[0.9182433582687612, 0.07971258791690139]",0.9979559461856626
813,"[0.4229182707422515, 0.9656246127094473]",1.3885428834516989
814,"[0.5857404905566388, 0.03479678543639875]",0.6205372759930375
815,"[0.8476105190118834, 0.8092660485384093]",1.6568765675502928
816,"[0.010829618407632413, 0.5225726863690658]",0.5334023047766983
817,"[0.5651024036736422, 0.6206938097820865]",1.1857962134557287
818,"[0.8434894707581415, 0.7254870626010338]",1.5689765333591752
819,"[0.4109834386283311, 0.15282017085428334]",0.5638036094826144
820,"[0.13961785289466688, 0.6093433028740574]",0.7489611557687242
821,"[0.8250785021756126, 0.9362355320469755]",1.7613140342225881
822,"[0.8627037550424282, 0.02678154231990293]",0.8894852973623312
823,"[0.8300292350903887, 0.7475869300599782]",1.577616165150367
824,"[0.9354441418102024, 0.7457959322679095]",1.681240074078112
825,"[0.3592434079062401, 0.8155562950528152]",1.1747997029590553
826,"[0.9535595845211196, 0.148106767814973]",1.1016663523360926
827,"[0.8850018718687094, 0.6924490182027836]",1.577450890071493
828,"[0.3830970991319137, 0.3959915487756924]",0.7790886479076061
829,"[0.04888899649720391, 0.6983504577683848]",0.7472394542655887
830,"[0.5942737270666071, 0.7059595838547719]",1.3002333109213788
831,"[0.4239636270243746, 0.9774902308931149]",1.4014538579174896
832,"[0.45479532146640056, 0.9168764567499618]",1.3716717782163623
833,"[0.8400986053657012, 0.9020203691195311]",1.7421189744852323
834,"[0.8603315535248713, 0.55723156071631]",1.4175631142411813
835,"[0.039458575546682306, 0.09724374639638866]",0.13670232194307097
836,"[0.178462757142414, 0.9044181992958571]",1.082880956438271
837,"[0.9409071765291736, 0.21070540045756891]",1.1516125769867425
838,"[0.801214929618848, 0.5316778605729209]",1.3328927901917689
839,"[0.9705549269834531, 0.06129571937884726]",1.0318506463623005
840,"[0.6456304900859664, 0.8515206327105865]",1.497151122796553
841,"[0.8802032465561905, 0.816920055792467]",1.6971233023486576
842,"[0.123252858586123, 0.14176566275053315]",0.26501852133665615
843,"[0.09252251146265567, 0.27728354969964863]",0.3698060611623043
844,"[0.7687629897933538, 0.1875592462612823]",0.9563222360546361
845,"[0.7381088611892705, 0.7064967418248563]",1.4446056030141268
846,"[0.4717007081887086, 0.49650161938053317]",0.9682023275692417
847,"[0.13438471957773968, 0.9013000305176582]",1.0356847500953978
848,"[0.5623461176719167, 0.38982273277385104]",0.9521688504457677
849,"[0.5650332030183112, 0.04440467119364411]",0.6094378742119553
850,"[0.3364903109057301, 0.010586683346870074]",0.3470769942526002
851,"[0.38899758487155267, 0.5712598503319745]",0.9602574352035271
852,"[0.46756485696866323, 0.8476715719485158]",1.3152364289171792
853,"[0.15666922653447823, 0.5784308878550202]",0.7351001143894984
854,"[0.20538209453632128, 0.13913436361375675]",0.34451645815007803
855,"[0.41226760386818984, 0.7122716965524163]",1.1245393004206061
856,"[0.2329796057122805, 0.44639809501016425]",0.6793777007224447
857,"[0.3932764384008738, 0.6521738277365253]",1.045450266137399
858,"[0.29484929248768155, 0.4503894348885622]",0.7452387273762437
859,"[0.03981480295262685, 0.9869279651487588]",1.0267427681013856
860,"[0.34578857503458194, 0.9366512394792398]",1.2824398145138218
861,"[0.7104555631871428, 0.5628047939582804]",1.273260357145423
862,"[0.22801610252940863, 0.3117126045465639]",0.5397287070759725
863,"[0.7228892073479194, 0.5209105926913652]",1.2437998000392847
864,"[0.8553609508110389, 0.3478080321981939]",1.203168983009233
865,"[0.8326513154611197, 0.1325595571954652]",0.9652108726565849
866,"[0.7309809130160384, 0.07998488443877505]",0.8109657974548135
867,"[0.5598302113909585, 0.9635562654668663]",1.5233864768578247
868,"[0.6431262726907796, 0.1623443649898727]",0.8054706376806523
869,"[0.24922762347141103, 0.8325578395821606]",1.0817854630535715
870,"[0.3064762233060103, 0.6325749045323915]",0.9390511278384018
871,"[0.3959419485493483, 0.7985940041121968]",1.194535952661545
872,"[0.9932248503023664, 0.1128281429887037]",1.10605299329107
873,"[0.9422790329756008, 0.5165943842611013]",1.4588734172367022
874,"[0.08039193589496385, 0.7310094456419645]",0.8114013815369283
875,"[0.4952860014422702, 0.004296546297970716]",0.4995825477402409
876,"[0.8546326104269789, 0.7585645572510826]",1.6131971676780616
877,"[0.9155954247069588, 0.30159389214995336]",1.2171893168569121
878,"[0.9393234715272246, 0.8751818829643984]",1.814505354491623
879,"[0.7789742135348074, 0.009172630910238344]",0.7881468444450458
880,"[0.7274238132158483, 0.03871687831695958]",0.7661406915328078
881,"[0.8060193961062618, 0.6133859757317113]",1.419405371837973
882,"[0.009935786127500568, 0.6083194758885558]",0.6182552620160564
883,"[0.7813260310933134, 0.3333270721312036]",1.114653103224517
884,"[0.7965694214793849, 0.9494647317302342]",1.746034153209619
885,"[0.2446248638477806, 0.3266874301563414]",0.571312294004122
886,"[0.7651776916267555, 0.9956935763662945]",1.76087126799305
887,"[0.8031746658450253, 0.7310231801286234]",1.5341978459736487
888,"[0.7762224849627263, 0.7777968326456876]",1.5540193176084138
889,"[0.2660460574213446, 0.7805557965909673]",1.0466018540123119
890,"[0.6888215711940412, 0.2683408692886905]",0.9571624404827317
891,"[0.8024323198300041, 0.2451832997416229]",1.0476156195716269
892,"[0.9916608436605066, 0.4960597594728916]",1.4877206031333983
893,"[0.976903088010006, 0.8254586244312134]",1.8023617124412195
894,"[0.5526303444239795, 0.5414935572232759]",1.0941239016472553
895,"[0.2841868488760474, 0.6442525027114633]",0.9284393515875107
896,"[0.04280414653086817, 0.8725072540382646]",0.9153114005691327
897,"[0.14320654653391085, 0.8376625562402973]",0.9808691027742081
898,"[0.5115198231862511, 0.042837807919520854]",0.554357631105772
899,"[0.36825078449941806, 0.16871206713598652]",0.5369628516354046
900,"[0.25637125025810603, 0.9834648501853557]",1.2398361004434617
901,"[0.484367713116302, 0.7126241018024407]",1.1969918149187428
902,"[0.29630242923887207, 0.9106225384887233]",1.2069249677275953
903,"[0.9648203721211358, 0.9800238585989489]",1.9448442307200846
904,"[0.6473753962139733, 0.9299538122881505]",1.5773292085021238
905,"[0.579387560680476, 0.09490397941828721]",0.6742915400987632
906,"[0.9715439903552631, 0.2459590166487874]",1.2175030070040505
907,"[0.18191936202261172, 0.21637516439743787]",0.3982945264200496
908,"[0.3333749019027983, 0.4522642252500484]",0.7856391271528467
909,"[0.7459965097774546, 0.8118616144131228]",1.5578581241905773
910,"[0.49417809396908097, 0.2854971051933133]",0.7796751991623943
911,"[0.88692140965848, 0.6424685776133079]",1.529389987271788
912,"[0.46940923279220514, 0.6644253349105697]",1.1338345677027748
913,"[0.43924525051282837, 0.6673914643086305]",1.1066367148214589
914,"[0.7062709278352219, 0.1600580881831285]",0.8663290160183504
915,"[0.6852270649067154, 0.6668944934475933]",1.3521215583543087
916,"[0.8583762039735298, 0.23391964324423375]",1.0922958472177635
917,"[0.3352838743344696, 0.9567342545880794]",1.292018128922549
918,"[0.5236950733673036, 0.14205729160995495]",0.6657523649772585
919,"[0.2886377224115685, 0.9348167740115263]",1.223454496423095
920,"[0.18276981865557917, 0.9400299226498355]",1.1227997413054147
921,"[0.532145514091453, 0.9505764839661955]",1.4827219980576487
922,"[0.027960787202021775, 0.7659647772540673]",0.7939255644560891
923,"[0.11787533208713652, 0.6585602363332738]",0.7764355684204103
924,"[0.3980120811887373, 0.03209726904578791]",0.43010935023452523
925,"[0.3011603921840411, 0.22342177813440856]",0.5245821703184497
926,"[0.7171536889134176, 0.030532437854651318]",0.7476861267680689
927,"[0.03472204133216239, 0.7874266462112268]",0.8221486875433892
928,"[0.7558505965294898, 0.09272161739113716]",0.848572213920627
929,"[0.47397539817820744, 0.43099654015513633]",0.9049719383333438
930,"[0.22301456700710376, 0.24978937290442493]",0.4728039399115287
931,"[0.9622922957527418, 0.613739796435445]",1.5760320921881867
932,"[0.8950337539052837, 0.029632539626919363]",0.9246662935322031
933,"[0.8791284337114385, 0.8702149222900019]",1.7493433560014404
934,"[0.01993161416089928, 0.22659889608972328]",0.24653051025062256
935,"[0.15770833190618871, 0.34628757358816553]",0.5039959054943542
936,"[0.7119023800883939, 0.6565553406608466]",1.3684577207492405
937,"[0.5826557519235636, 0.2135925302229954]",0.796248282146559
938,"[0.5698019759955362, 0.6318782740799902]",1.2016802500755264
939,"[0.6487084005980516, 0.8764135373536455]",1.5251219379516971
940,"[0.7490547393487602, 0.5380788141355006]",1.287133553484261
941,"[0.29169565451543367, 0.2386217859458024]",0.5303174404612361
942,"[0.8958085126190569, 0.4003075656243634]",1.2961160782434202
943,"[0.8662225762733048, 0.20836594943075304]",1.074588525704058
944,"[0.3937787105934478, 0.2780780656272408]",0.6718567762206886
945,"[0.49823853896445447, 0.24016251793943644]",0.7384010569038909
946,"[0.6160526603098202, 0.4179436065552885]",1.0339962668651088
947,"[0.0013199876245738595, 0.09312335967610263]",0.0944433473006765
948,"[0.37080977261878356, 0.9057778710564877]",1.2765876436752712
949,"[0.8440806315260295, 0.7085254567472612]",1.5526060882732908
950,"[0.025179801963215342, 0.21459956829975801]",0.23977937026297336
951,"[0.5210056350108785, 0.9914563186855221]",1.5124619536964006
952,"[0.6292243325104423, 0.8352156882836774]",1.4644400207941197
953,"[0.843999335114455, 0.7205902897599893]",1.5645896248744444
954,"[0.9669034447417636, 0.7080614673222023]",1.6749649120639658
955,"[0.7253558367649634, 0.4701864622915528]",1.195542299056516
956,"[0.15098438440620188, 0.6566038274145067]",0.8075882118207086
957,"[0.7724471456226373, 0.4813990150400259]",1.2538461606626632
958,"[0.3292538919792535, 0.50492656206527]",0.8341804540445235
959,"[0.7418859108780763, 0.1601844034691594]",0.9020703143472357
960,"[0.6539811533846177, 0.2694445356424787]",0.9234256890270964
961,"[0.25438707775429936, 0.6056233719674423]",0.8600104497217417
962,"[0.1955028064234633, 0.3232576447593938]",0.5187604511828571
963,"[0.8233161733566302, 0.3964838420514035]",1.2198000154080337
964,"[0.45422999993795465, 0.9095690110778852]",1.36379901101584
965,"[0.2769148094578877, 0.40836909019908085]",0.6852838996569686
966,"[0.5074168693589367, 0.3507935287150974]",0.8582103980740341
967,"[0.25029505463759927, 0.6290638985393294]",0.8793589531769287
968,"[0.7618910655370632, 0.2766110465980597]",1.0385021121351228
969,"[0.5807128249523442, 0.7790841542435587]",1.3597969791959028
970,"[0.5747053769919803, 0.700674542212327]",1.2753799192043074
971,"[0.959645243896113, 0.009283594741060996]",0.968928838637174
972,"[0.1407984453031247, 0.25716744529535607]",0.39796589059848075
973,"[0.3196802675161482, 0.297010461602745]",0.6166907291188932
974,"[0.46565311446500757, 0.07568132348349743]",0.541334437948505
975,"[0.41477774189096606, 0.44373809177385304]",0.8585158336648191
976,"[0.4639303963037692, 0.18085452376409172]",0.6447849200678609
977,"[0.9704583887688965, 0.06860380457516035]",1.0390621933440567
978,"[0.9197849382735914, 0.6208452342110441]",1.5406301724846356
979,"[0.16934908161515838, 0.2876323680211683]",0.4569814496363267
980,"[0.61601061512924, 0.03485098225670602]",0.6508615973859461
981,"[0.13310119274781318, 0.007639463053356166]",0.14074065580116935
982,"[0.3064262912339254, 0.6192769646370004]",0.9257032558709258
983,"[0.29517692545878293, 0.8732898888076933]",1.1684668142664763
984,"[0.010449528765522187, 0.5196101243961447]",0.5300596531616669
985,"[0.5031909397991867, 0.41720759877917657]",0.9203985385783633
986,"[0.11623173222043448, 0.8215052232694774]",0.9377369554899119
987,"[0.7754187164197622, 0.06584983834028835]",0.8412685547600506
988,"[0.9982471903415285, 0.27550378473115333]",1.2737509750726819
989,"[0.24522401859646736, 0.3047208535919653]",0.5499448721884327
990,"[0.8831345002479819, 0.33719572376181983]",1.2203302240098017
991,"[0.7068386743157629, 0.5605557176801454]",1.2673943919959083
992,"[0.7038166715174503, 0.39782074578241267]",1.1016374172998629
993,"[0.7463533830523524, 0.6240881627972142]",1.3704415458495667
994,"[0.3585005648925298, 0.9644611323182305]",1.3229616972107603
995,"[0.601219930266388, 0.4505776727425689]",1.0517976030089569
996,"[0.7071820498764142, 0.9697377493185078]",1.676919799194922
997,"[0.8716875992125417, 0.38323520211736983]",1.2549228013299114
998,"[0.5819463891603189, 0.9101406117655669]",1.4920870009258858
999,"[0.06823811577863503, 0.868901848013772]",0.937139963792407
